collective,strength,train_pairing,deploy_pairing,environment,mean_fitness
independent,,,,flat,0.010969996452331543
weak/uniform->uniform,weak,uniform,uniform,flat,-0.018236637115478516
weak/uniform->diverse,weak,uniform,diverse,flat,0.02400916814804077
weak/diverse->uniform,weak,diverse,uniform,flat,0.02893906831741333
weak/diverse->diverse,weak,diverse,diverse,flat,0.043931543827056885
strong/uniform->uniform,strong,uniform,uniform,flat,0.008865714073181152
strong/uniform->diverse,strong,uniform,diverse,flat,0.00567096471786499
strong/diverse->uniform,strong,diverse,uniform,flat,0.012360751628875732
strong/diverse->diverse,strong,diverse,diverse,flat,0.02972191572189331
independent,,,,incline,-0.04655611515045166
weak/uniform->uniform,weak,uniform,uniform,incline,0.10253149271011353
weak/uniform->diverse,weak,uniform,diverse,incline,0.1439940333366394
weak/diverse->uniform,weak,diverse,uniform,incline,0.22621124982833862
weak/diverse->diverse,weak,diverse,diverse,incline,0.21818655729293823
strong/uniform->uniform,strong,uniform,uniform,incline,0.22594422101974487
strong/uniform->diverse,strong,uniform,diverse,incline,0.26384323835372925
strong/diverse->uniform,strong,diverse,uniform,incline,-0.030938923358917236
strong/diverse->diverse,strong,diverse,diverse,incline,0.285522997379303
independent,,,,decline,-2.384185791015625e-07
weak/uniform->uniform,weak,uniform,uniform,decline,-1.0132789611816406e-06
weak/uniform->diverse,weak,uniform,diverse,decline,-0.005035877227783203
weak/diverse->uniform,weak,diverse,uniform,decline,-1.0132789611816406e-06
weak/diverse->diverse,weak,diverse,diverse,decline,-8.940696716308594e-07
strong/uniform->uniform,strong,uniform,uniform,decline,-0.001913309097290039
strong/uniform->diverse,strong,uniform,diverse,decline,-5.364418029785156e-07
strong/diverse->uniform,strong,diverse,uniform,decline,-4.76837158203125e-07
strong/diverse->diverse,strong,diverse,diverse,decline,-9.5367431640625e-07
independent,,,,ice,0.0013775825500488281
weak/uniform->uniform,weak,uniform,uniform,ice,0.001727759838104248
weak/uniform->diverse,weak,uniform,diverse,ice,0.0032725930213928223
weak/diverse->uniform,weak,diverse,uniform,ice,0.001727759838104248
weak/diverse->diverse,weak,diverse,diverse,ice,0.0023696422576904297
strong/uniform->uniform,strong,uniform,uniform,ice,0.006335139274597168
strong/uniform->diverse,strong,uniform,diverse,ice,0.001963019371032715
strong/diverse->uniform,strong,diverse,uniform,ice,0.001445174217224121
strong/diverse->diverse,strong,diverse,diverse,ice,0.003676891326904297
independent,,,,sand,0.008132100105285645
weak/uniform->uniform,weak,uniform,uniform,sand,0.07759004831314087
weak/uniform->diverse,weak,uniform,diverse,sand,0.032745301723480225
weak/diverse->uniform,weak,diverse,uniform,sand,0.005518734455108643
weak/diverse->diverse,weak,diverse,diverse,sand,-0.0010594725608825684
strong/uniform->uniform,strong,uniform,uniform,sand,0.0022171735763549805
strong/uniform->diverse,strong,uniform,diverse,sand,-0.048098862171173096
strong/diverse->uniform,strong,diverse,uniform,sand,-0.035089969635009766
strong/diverse->diverse,strong,diverse,diverse,sand,0.04547405242919922
independent,,,,wind,-0.07793092727661133
weak/uniform->uniform,weak,uniform,uniform,wind,-0.0972667932510376
weak/uniform->diverse,weak,uniform,diverse,wind,-0.0363350510597229
weak/diverse->uniform,weak,diverse,uniform,wind,-0.0972667932510376
weak/diverse->diverse,weak,diverse,diverse,wind,-0.08412319421768188
strong/uniform->uniform,strong,uniform,uniform,wind,-0.07353436946868896
strong/uniform->diverse,strong,uniform,diverse,wind,-0.0733410120010376
strong/diverse->uniform,strong,diverse,uniform,wind,-0.0775371789932251
strong/diverse->diverse,strong,diverse,diverse,wind,-0.04441565275192261
independent,,,,step_up,-0.03592395782470703
weak/uniform->uniform,weak,uniform,uniform,step_up,0.04419368505477905
weak/uniform->diverse,weak,uniform,diverse,step_up,0.011389315128326416
weak/diverse->uniform,weak,diverse,uniform,step_up,-0.010364949703216553
weak/diverse->diverse,weak,diverse,diverse,step_up,0.05185842514038086
strong/uniform->uniform,strong,uniform,uniform,step_up,0.05717170238494873
strong/uniform->diverse,strong,uniform,diverse,step_up,0.07275229692459106
strong/diverse->uniform,strong,diverse,uniform,step_up,-0.012836992740631104
strong/diverse->diverse,strong,diverse,diverse,step_up,0.021625816822052002
independent,,,,gap,0.010969996452331543
weak/uniform->uniform,weak,uniform,uniform,gap,0.045851171016693115
weak/uniform->diverse,weak,uniform,diverse,gap,0.04267090559005737
weak/diverse->uniform,weak,diverse,uniform,gap,0.045851171016693115
weak/diverse->diverse,weak,diverse,diverse,gap,0.05264085531234741
strong/uniform->uniform,strong,uniform,uniform,gap,0.012880265712738037
strong/uniform->diverse,strong,uniform,diverse,gap,0.005509138107299805
strong/diverse->uniform,strong,diverse,uniform,gap,0.008865833282470703
strong/diverse->diverse,strong,diverse,diverse,gap,0.005509138107299805
independent,,,,low_gravity,0.028438687324523926
weak/uniform->uniform,weak,uniform,uniform,low_gravity,0.04024893045425415
weak/uniform->diverse,weak,uniform,diverse,low_gravity,0.032240450382232666
weak/diverse->uniform,weak,diverse,uniform,low_gravity,0.04024893045425415
weak/diverse->diverse,weak,diverse,diverse,low_gravity,-0.009253263473510742
strong/uniform->uniform,strong,uniform,uniform,low_gravity,0.0368611216545105
strong/uniform->diverse,strong,uniform,diverse,low_gravity,0.01833164691925049
strong/diverse->uniform,strong,diverse,uniform,low_gravity,0.0368611216545105
strong/diverse->diverse,strong,diverse,diverse,low_gravity,0.014694392681121826
